,Id,SalePrice
0,1461,123598.17291418255
1,1462,155990.73753607366
2,1463,177722.41707042925
3,1464,187571.84414764223
4,1465,177276.3662081369
5,1466,170090.39615552366
6,1467,174785.6452216558
7,1468,165363.8235314431
8,1469,199224.77916344738
9,1470,132906.27864013813
10,1471,208423.57709706377
11,1472,91085.03475800689
12,1473,100548.17847745959
13,1474,152214.48869206972
14,1475,120793.49603991573
15,1476,346052.40449043026
16,1477,243440.94698909714
17,1478,293664.04741718917
18,1479,301362.11767074047
19,1480,475449.8995900439
20,1481,337940.89258558885
21,1482,197669.68148294772
22,1483,181283.17309893572
23,1484,178485.89955246242
24,1485,184550.65749407487
25,1486,191449.78364913215
26,1487,301370.1169011334
27,1488,229994.19854711575
28,1489,193365.03262537016
29,1490,264601.4031081698
30,1491,196699.57335053754
31,1492,92354.79558327475
32,1493,186301.03342060492
33,1494,288525.3695589981
34,1495,288384.9152797381
35,1496,244643.53070298297
36,1497,172516.08768091688
37,1498,173245.6628163385
38,1499,157167.10094742684
39,1500,168162.45211243103
40,1501,195238.11656720188
41,1502,157884.78780612905
42,1503,290816.47229108127
43,1504,244923.1402449024
44,1505,249510.36638632088
45,1506,173670.70606505094
46,1507,240285.33565363238
47,1508,191059.55395396863
48,1509,158535.6266301024
49,1510,150500.211251609
50,1511,161329.57426046574
51,1512,179142.40986176272
52,1513,135989.98509077387
53,1514,165355.7483292347
54,1515,185735.87627180762
55,1516,155082.06913020543
56,1517,171714.57225000512
57,1518,150961.452274845
58,1519,247368.5416865849
59,1520,131881.60501804683
60,1521,133008.18946247696
61,1522,175357.71602538484
62,1523,111525.4859772759
63,1524,108720.24646411075
64,1525,119171.80408207918
65,1526,98529.4208831352
66,1527,117425.38774204867
67,1528,132208.28445662724
68,1529,139318.27423133975
69,1530,171895.03922897493
70,1531,122912.09391776506
71,1532,90995.33694116681
72,1533,156445.18966869026
73,1534,138355.85421825427
74,1535,138498.30395860778
75,1536,104272.97257313189
76,1537,68311.95990532708
77,1538,152479.0924606666
78,1539,175562.73093934634
79,1540,117999.99409808524
80,1541,134950.98449139876
81,1542,135717.9871442416
82,1543,171599.96081600324
83,1544,88445.96514617292
84,1545,106491.74403511077
85,1546,130199.04122774914
86,1547,144463.29458166676
87,1548,125069.53969030232
88,1549,111919.7531674604
89,1550,144343.1838137446
90,1551,103245.50064497617
91,1552,156962.601629105
92,1553,136842.74126440406
93,1554,120994.8640124572
94,1555,168300.81088663582
95,1556,73470.6289391046
96,1557,92862.22326165644
97,1558,97154.02997160018
98,1559,74577.5591738949
99,1560,128430.74416713734
100,1561,142544.6753219472
101,1562,123921.50156664509
102,1563,128134.15980078968
103,1564,159553.8748235706
104,1565,167436.52190737645
105,1566,238849.24574973626
106,1567,94824.82123099838
107,1568,243085.5745219022
108,1569,142950.91230969617
109,1570,140959.1622171936
110,1571,130056.22818821819
111,1572,137355.25473938894
112,1573,259658.5154954333
113,1574,137369.8745793636
114,1575,267679.9138289981
115,1576,259864.31792044846
116,1577,181649.23406371626
117,1578,147538.6480795819
118,1579,156305.90696733358
119,1580,190705.74328849744
120,1581,147994.59222180073
121,1582,127407.48302413507
122,1583,325313.23455552856
123,1584,234958.4257030757
124,1585,144028.142869064
125,1586,89218.97281553804
126,1587,101275.45143760508
127,1588,143157.92047053637
128,1589,112724.54215255487
129,1590,131843.7307883624
130,1591,98305.0584458246
131,1592,123623.9340764191
132,1593,120813.42710021806
133,1594,123220.44490923625
134,1595,115340.44215341052
135,1596,212822.93945996437
136,1597,188681.44506055693
137,1598,192098.43882738202
138,1599,177090.81852513275
139,1600,155478.4045254513
140,1601,68691.18247487373
141,1602,102827.86695978708
142,1603,105517.76639097779
143,1604,276418.6403061201
144,1605,234245.4148219657
145,1606,168351.8494806374
146,1607,160512.46954147334
147,1608,225678.88554135707
148,1609,193034.63495319925
149,1610,171442.80121378295
150,1611,140840.30921555267
151,1612,180928.0626991741
152,1613,168138.48339923832
153,1614,122985.80459911669
154,1615,102894.64105430145
155,1616,84575.77722610612
156,1617,108759.41308510139
157,1618,123613.00884460786
158,1619,143131.3556412247
159,1620,220021.05895870936
160,1621,142492.44243478752
161,1622,168397.06971491664
162,1623,281430.2342097746
163,1624,261731.19907399037
164,1625,115793.62417755421
165,1626,177063.65922356298
166,1627,190298.12636148115
167,1628,271750.6046321899
168,1629,164525.8043465824
169,1630,312861.7069547108
170,1631,195789.53356509758
171,1632,210565.35988582336
172,1633,175453.9608483151
173,1634,193778.3033365504
174,1635,181762.31844016587
175,1636,156092.25290587562
176,1637,193295.81773743508
177,1638,193421.99834015372
178,1639,176874.22539005705
179,1640,220307.39605137304
180,1641,171792.93921110127
181,1642,251920.94747094504
182,1643,223303.4231540083
183,1644,220057.40938693698
184,1645,189196.71623864974
185,1646,158287.8390063388
186,1647,159354.68907773876
187,1648,140811.57147351548
188,1649,138443.13237688973
189,1650,124090.294794636
190,1651,125926.56199445209
191,1652,93831.16370857068
192,1653,104423.49795058602
193,1654,150958.4650500962
194,1655,146512.9541303658
195,1656,146203.71734343853
196,1657,157378.40740416903
197,1658,148600.5502879672
198,1659,114129.11151775332
199,1660,168070.68278083493
200,1661,442567.74545997096
201,1662,383188.670262151
202,1663,371688.69456433016
203,1664,496514.91256816447
204,1665,328407.6863516581
205,1666,358971.8270340875
206,1667,400860.4728968749
207,1668,359106.6783469943
208,1669,328849.3646225997
209,1670,362143.23661276675
210,1671,283238.71840293065
211,1672,452987.67549303564
212,1673,282416.018453509
213,1674,234806.57626395233
214,1675,197715.70064778082
215,1676,204297.97244819818
216,1677,226169.8901602914
217,1678,503643.4537048969
218,1679,393282.9087939943
219,1680,342697.36395490164
220,1681,245011.53118630822
221,1682,342924.42509044765
222,1683,193114.41390741646
223,1684,181723.2843184757
224,1685,184466.1567987982
225,1686,179095.4390346726
226,1687,177036.3244406704
227,1688,195237.56145539592
228,1689,196919.15407185673
229,1690,203382.51348707726
230,1691,183435.8573790298
231,1692,268552.35598275816
232,1693,164184.86949462013
233,1694,175491.576324354
234,1695,158908.76614831478
235,1696,267618.65352747473
236,1697,161985.70409978382
237,1698,360957.5087773457
238,1699,302342.09752661904
239,1700,261353.18092860532
240,1701,265455.96703557106
241,1702,253612.85395835905
242,1703,250798.6399833149
243,1704,287020.2141846775
244,1705,229227.03118219177
245,1706,462848.8957345141
246,1707,233836.72994327795
247,1708,204965.557586436
248,1709,251483.34080445743
249,1710,223624.38343835645
250,1711,274624.6065356338
251,1712,256673.19235744752
252,1713,308276.9596340627
253,1714,242055.5725276212
254,1715,211818.04710128845
255,1716,191268.93027070301
256,1717,177472.99381220754
257,1718,146472.26533750835
258,1719,214641.08999028103
259,1720,250349.84404934428
260,1721,172980.25698369803
261,1722,140918.1291762805
262,1723,155756.29360588887
263,1724,218357.33685862835
264,1725,231734.90837228103
265,1726,189885.88495525307
266,1727,164183.2611042267
267,1728,180300.3719046573
268,1729,161460.50712425815
269,1730,153326.48534153815
270,1731,139422.30620947096
271,1732,140703.4219363901
272,1733,114198.24357741649
273,1734,123005.30386791866
274,1735,141203.62600392647
275,1736,116470.35528345795
276,1737,325429.56459732214
277,1738,211911.19884566072
278,1739,251261.98609863195
279,1740,237161.5614697306
280,1741,207795.8224057143
281,1742,176526.2123000153
282,1743,178383.57730356656
283,1744,314590.27659991634
284,1745,201242.74415355903
285,1746,208770.26746017692
286,1747,196422.386002426
287,1748,217278.85460593164
288,1749,163720.40169696906
289,1750,123987.99612761529
290,1751,222703.4697047784
291,1752,123199.6897881559
292,1753,164347.15892940343
293,1754,187976.48146197826
294,1755,154719.22716314913
295,1756,134961.28646833033
296,1757,111442.90091283344
297,1758,153760.24837333907
298,1759,151806.6580955798
299,1760,170018.86730910456
300,1761,149230.218792441
301,1762,172073.20151963583
302,1763,148750.3034368185
303,1764,118416.24467951241
304,1765,180924.6949472262
305,1766,174323.7980256455
306,1767,211356.01186411997
307,1768,132132.11156013305
308,1769,171795.19356217395
309,1770,153384.4545600406
310,1771,122197.94430800759
311,1772,142746.05861064405
312,1773,141998.95095823833
313,1774,149839.07157289452
314,1775,138412.3535300287
315,1776,119588.09077670315
316,1777,101353.95448130762
317,1778,140635.48596806554
318,1779,119031.36238050264
319,1780,157267.21047360866
320,1781,118388.03413316996
321,1782,86842.08394985968
322,1783,156670.11634587595
323,1784,103106.6880160263
324,1785,126642.37384488322
325,1786,160667.1582190182
326,1787,162246.34076590015
327,1788,76410.18348412584
328,1789,112889.16982221548
329,1790,87330.45674339378
330,1791,196831.26415591175
331,1792,151381.5524592774
332,1793,123936.36422009523
333,1794,141785.18695083368
334,1795,130982.96932493077
335,1796,115630.76229259658
336,1797,117249.570167761
337,1798,118294.40553636535
338,1799,105321.57752477656
339,1800,119148.89841680409
340,1801,145583.72594741112
341,1802,134973.05392542575
342,1803,163546.84622299275
343,1804,149645.44762405445
344,1805,138604.4568586596
345,1806,129101.57104666103
346,1807,124813.99856651742
347,1808,124232.699727646
348,1809,137928.5874985802
349,1810,138596.8991051424
350,1811,79317.63284928797
351,1812,101815.00842616886
352,1813,115462.612789241
353,1814,96554.28547066759
354,1815,86182.04749980898
355,1816,97031.21224405088
356,1817,130027.1256324875
357,1818,160432.66161348828
358,1819,138311.005395967
359,1820,74415.3320222614
360,1821,107933.07478734387
361,1822,162314.84147524042
362,1823,58404.36078428807
363,1824,129486.34956008212
364,1825,144520.0684272016
365,1826,120694.32185870041
366,1827,99483.24212048811
367,1828,130266.3356178887
368,1829,120691.12320249308
369,1830,143196.90847251503
370,1831,145908.23435342382
371,1832,96259.85042060078
372,1833,128470.55625644336
373,1834,136482.0517773231
374,1835,128027.5460121408
375,1836,119793.14619865434
376,1837,92589.42696313957
377,1838,125897.15846277619
378,1839,89646.2755832031
379,1840,155406.24233812882
380,1841,155507.25170458294
381,1842,85833.95368886311
382,1843,143422.2005257127
383,1844,141208.99436907753
384,1845,160834.23493835723
385,1846,135538.83785171594
386,1847,167766.9314985836
387,1848,53628.65257499425
388,1849,100290.94752351815
389,1850,117670.61753660004
390,1851,158033.3096483922
391,1852,126894.08338271739
392,1853,140725.17434100405
393,1854,183284.09433913644
394,1855,162923.77436749567
395,1856,243845.60908493993
396,1857,154769.80874277596
397,1858,134070.91054616883
398,1859,120185.89382335513
399,1860,162561.46468635564
400,1861,116858.44744262176
401,1862,410506.5157836494
402,1863,392223.08901559096
403,1864,392223.08901559096
404,1865,353721.7785316616
405,1866,362650.5989376584
406,1867,227131.9549238272
407,1868,296531.01653216634
408,1869,197764.55341384833
409,1870,247058.16455697583
410,1871,245795.76050186774
411,1872,190751.31431154098
412,1873,244971.93753656762
413,1874,140122.63431657924
414,1875,195030.81277892416
415,1876,188497.723209195
416,1877,221480.94551744527
417,1878,216905.35132929473
418,1879,156162.1073230112
419,1880,136761.60346425563
420,1881,290426.0469368415
421,1882,241271.56356902764
422,1883,188868.54862365252
423,1884,190224.53593902738
424,1885,245825.1081961838
425,1886,310194.05032264034
426,1887,220066.81248891717
427,1888,275283.12375064404
428,1889,191921.12379924246
429,1890,132702.41628625809
430,1891,141285.9517888243
431,1892,111413.00909924819
432,1893,131529.14933240323
433,1894,131688.7697710332
434,1895,140054.7486401514
435,1896,128759.50237041852
436,1897,102451.19381693997
437,1898,127350.34884031604
438,1899,164947.14689821028
439,1900,155360.11751284558
440,1901,143880.3295222527
441,1902,138823.83487807334
442,1903,220579.0347711334
443,1904,147269.30958220578
444,1905,179120.43247921148
445,1906,154749.97888168503
446,1907,209954.938469817
447,1908,119647.87957267453
448,1909,131091.84415144406
449,1910,129880.20055386303
450,1911,193147.73595963547
451,1912,333596.0192214115
452,1913,167985.99290761817
453,1914,80256.29376808203
454,1915,365088.6560917721
455,1916,68914.14450934087
456,1917,241732.5211919847
457,1918,132110.11423469594
458,1919,178346.35564181383
459,1920,153232.3667380501
460,1921,398406.01960039133
461,1922,354541.2338635212
462,1923,208707.36333813187
463,1924,261949.14628758887
464,1925,211195.08022244362
465,1926,367079.13262158696
466,1927,136798.02114278893
467,1928,162173.77370873495
468,1929,131687.49870223083
469,1930,135212.1425519579
470,1931,153361.58979246154
471,1932,141876.5461208805
472,1933,195611.53629425482
473,1934,165763.3762992158
474,1935,164742.94921355048
475,1936,181979.01675109842
476,1937,173489.79979739632
477,1938,179695.42626061733
478,1939,239926.04110188008
479,1940,186585.77408121512
480,1941,179069.06329350756
481,1942,179126.1305387592
482,1943,209267.38685483157
483,1944,363855.7061204881
484,1945,411193.90745058766
485,1946,138379.36609255025
486,1947,305346.49882783915
487,1948,169649.19749028832
488,1949,288465.9906394652
489,1950,177378.88578430092
490,1951,259827.01699616917
491,1952,206985.49450969056
492,1953,183844.4485373454
493,1954,180476.92656657123
494,1955,132179.94816650695
495,1956,277236.95817876304
496,1957,156798.88891748595
497,1958,316438.77492253715
498,1959,154640.48738930398
499,1960,114867.13089682728
500,1961,128839.09638372384
501,1962,100870.24573515278
502,1963,108397.40589488228
503,1964,111438.32206851938
504,1965,163192.32981502428
505,1966,136298.09995449352
506,1967,302646.4210809086
507,1968,457228.4334855365
508,1969,391454.5451892483
509,1970,394054.8822842691
510,1971,397703.91908419965
511,1972,373724.31425177306
512,1973,281881.22475948423
513,1974,353591.0469735502
514,1975,537519.3084081794
515,1976,278746.44767178287
516,1977,366954.26222972234
517,1978,362447.91154085
518,1979,343749.24396382074
519,1980,213349.92866744517
520,1981,359932.9289601885
521,1982,214519.1571062392
522,1983,193907.89603974269
523,1984,200591.5472714433
524,1985,240086.1353300006
525,1986,222598.33606786857
526,1987,195975.78737955852
527,1988,184963.60818783267
528,1989,190631.04843323756
529,1990,213092.27555019714
530,1991,232245.7017614664
531,1992,215970.42671697895
532,1993,180556.48724160952
533,1994,204112.5795067112
534,1995,174660.76356665036
535,1996,266003.6785085782
536,1997,324706.30147754384
537,1998,341105.285483839
538,1999,292502.1485100347
539,2000,283041.43676329526
540,2001,286819.94201461674
541,2002,250230.40952450366
542,2003,267537.40346295445
543,2004,289158.68832006725
544,2005,232396.3665743521
545,2006,221233.951248445
546,2007,248178.1150949299
547,2008,212141.1875175637
548,2009,184379.72935343249
549,2010,196473.61783862708
550,2011,143377.61548586353
551,2012,176679.02880718297
552,2013,188467.13654239345
553,2014,192650.70837003968
554,2015,202682.21973885837
555,2016,188172.04099749748
556,2017,190709.89709587456
557,2018,130680.07939849948
558,2019,130216.62019936946
559,2020,102976.60260541085
560,2021,119232.30655274009
561,2022,175898.27446650155
562,2023,152846.21011277824
563,2024,276431.07997547433
564,2025,341339.769821148
565,2026,176936.40570336086
566,2027,159362.06802506128
567,2028,155816.7876930968
568,2029,155912.92562954698
569,2030,281933.93138669454
570,2031,248891.15807910592
571,2032,258806.797789829
572,2033,259549.47853067642
573,2034,161653.74079559717
574,2035,196230.66166299948
575,2036,187765.97597650051
576,2037,188498.84492413033
577,2038,284846.5533134574
578,2039,212405.72742836355
579,2040,294549.7032052106
580,2041,285535.45109603973
581,2042,203441.49952129766
582,2043,169963.96285540063
583,2044,173873.64220822498
584,2045,201125.30526869782
585,2046,154655.22817009097
586,2047,142682.30997678294
587,2048,145160.997389167
588,2049,146696.16466592514
589,2050,176346.41159483962
590,2051,111960.68907886566
591,2052,117942.62397222916
592,2053,137731.81290012228
593,2054,97908.32983438342
594,2055,147263.8681885191
595,2056,142890.61816747952
596,2057,124841.77254164152
597,2058,200732.94018270433
598,2059,138906.67602671223
599,2060,179325.95291864043
600,2061,168026.06198305328
601,2062,130667.7707949961
602,2063,117760.41477362135
603,2064,139727.4228118103
604,2065,122194.24888708841
605,2066,170282.53100586403
606,2067,123663.45061674684
607,2068,148546.81429476605
608,2069,73740.07309936752
609,2070,101167.6717262539
610,2071,125615.79167617705
611,2072,167087.8488156482
612,2073,151267.41516048674
613,2074,196918.53431437296
614,2075,142626.33927978633
615,2076,110253.85723130652
616,2077,153383.922799707
617,2078,126050.22485124745
618,2079,130503.85781682089
619,2080,113049.91755521798
620,2081,124798.51250495351
621,2082,132059.88587580508
622,2083,138643.26479102863
623,2084,109896.5385217616
624,2085,118217.24347439302
625,2086,130597.08879428275
626,2087,127985.56109090957
627,2088,106867.78877218589
628,2089,78015.22196499424
629,2090,137248.6309327097
630,2091,117672.25483967444
631,2092,129972.3183294485
632,2093,114187.20919661876
633,2094,136605.1112681843
634,2095,129073.9009339595
635,2096,91890.7422718238
636,2097,106781.33496279291
637,2098,145870.96582393436
638,2099,71587.10101965288
639,2100,78147.79287584139
640,2101,119454.28672941624
641,2102,130854.54049533921
642,2103,108760.3914596352
643,2104,138842.55920100192
644,2105,159828.418441271
645,2106,83553.33418410074
646,2107,190128.29019853016
647,2108,109473.53440643653
648,2109,112047.84958458209
649,2110,108762.40927858611
650,2111,141009.55349869173
651,2112,146127.03540643046
652,2113,111165.84454669582
653,2114,131914.08236742183
654,2115,141312.8019004727
655,2116,116474.73623131622
656,2117,143963.12713505462
657,2118,117458.24610176985
658,2119,104252.77328539392
659,2120,115535.20016847226
660,2121,103695.07712939472
661,2122,117426.53783803096
662,2123,87928.39062662947
663,2124,154920.26095787974
664,2125,149288.06069844085
665,2126,170086.7749425616
666,2127,166015.08835715812
667,2128,135115.1787050466
668,2129,103762.8044180841
669,2130,138924.0471744254
670,2131,153524.89843004206
671,2132,96597.03739575906
672,2133,123586.51417718669
673,2134,130551.09747816484
674,2135,98197.32806142897
675,2136,81559.96766778179
676,2137,117864.91166872665
677,2138,128930.98889909245
678,2139,150504.92400233343
679,2140,146957.29650697857
680,2141,154364.65686995312
681,2142,124162.02203984944
682,2143,145504.06690379584
683,2144,105501.94921439001
684,2145,138566.1483664034
685,2146,152123.55350896713
686,2147,175803.49672077733
687,2148,137528.3251995374
688,2149,153216.85816399663
689,2150,205755.83306332424
690,2151,110916.21633015605
691,2152,172046.27091501883
692,2153,185858.29567800558
693,2154,104266.4523466274
694,2155,158775.1042562115
695,2156,243487.20487524086
696,2157,250281.61456781672
697,2158,222927.30729700113
698,2159,207822.27520450312
699,2160,185862.96753227475
700,2161,231227.02381367655
701,2162,397418.96141956345
702,2163,360752.4529227363
703,2164,249820.1001612123
704,2165,179833.49810919884
705,2166,159776.88702251253
706,2167,211456.26334218998
707,2168,190548.5953559484
708,2169,191693.11796175223
709,2170,206277.52970212023
710,2171,161617.75348621164
711,2172,133716.69645123076
712,2173,161790.32998646024
713,2174,231576.81293693135
714,2175,302898.2225587342
715,2176,322299.3578701937
716,2177,249263.7373990759
717,2178,208753.66173465707
718,2179,143509.51717511192
719,2180,232987.10772077533
720,2181,184715.09690858846
721,2182,221961.83253535337
722,2183,185539.49880632985
723,2184,123515.2862826071
724,2185,132490.85452271748
725,2186,142835.32930088585
726,2187,159703.40356186838
727,2188,150542.002695327
728,2189,306257.96340494324
729,2190,94399.34377797873
730,2191,77319.24500779012
731,2192,89446.2664612133
732,2193,122529.645157601
733,2194,134365.652838911
734,2195,120973.8714762298
735,2196,107443.11456963501
736,2197,132668.0193104471
737,2198,136567.8752514559
738,2199,184951.77265459736
739,2200,141131.77473529143
740,2201,143356.6259766913
741,2202,179127.27198459714
742,2203,154403.13078827603
743,2204,173276.88149690465
744,2205,124078.09057119192
745,2206,134160.6181096029
746,2207,186454.47123202193
747,2208,224395.68101404823
748,2209,201147.79566682217
749,2210,122257.89678407328
750,2211,107329.15374967543
751,2212,115593.30395981173
752,2213,101030.26557597828
753,2214,127322.32196367173
754,2215,100367.98475161094
755,2216,152370.37669470714
756,2217,99338.95356499344
757,2218,104423.99940235096
758,2219,86290.1762221905
759,2220,70169.73829926524
760,2221,365740.41070724383
761,2222,285143.4087260278
762,2223,295216.9551668728
763,2224,202763.61220859108
764,2225,133232.9387361965
765,2226,198197.43136088198
766,2227,198898.33985766617
767,2228,291456.7088268348
768,2229,264101.9475241188
769,2230,169031.48142508924
770,2231,219629.30273692336
771,2232,170409.2049417048
772,2233,190130.05570235153
773,2234,247709.8986420875
774,2235,237540.45246227793
775,2236,287310.29562070075
776,2237,353463.5851149751
777,2238,250735.96378224608
778,2239,110561.16671345822
779,2240,147936.17100544967
780,2241,166156.50552871893
781,2242,132074.41720918994
782,2243,132536.7006433313
783,2244,115593.49287970689
784,2245,102298.20163470994
785,2246,142134.15414683896
786,2247,118977.26298376695
787,2248,127445.13151806757
788,2249,127218.34529294087
789,2250,129796.15502372572
790,2251,74139.65883575153
791,2252,168007.91695510293
792,2253,158322.99978905462
793,2254,163792.783039629
794,2255,180932.53928130202
795,2256,178650.28909437923
796,2257,196453.15385114332
797,2258,160983.9660296327
798,2259,172942.61548477618
799,2260,158541.84428774207
800,2261,177029.3894248612
801,2262,198928.91682545963
802,2263,362426.04097937176
803,2264,451067.84428454115
804,2265,184930.09575843232
805,2266,300187.4990709797
806,2267,387730.39392699953
807,2268,349120.7422640463
808,2269,158687.743854053
809,2270,187266.2542351222
810,2271,215660.86381670032
811,2272,195767.57139701108
812,2273,162762.39330391117
813,2274,181701.51527237313
814,2275,165281.50642980137
815,2276,180777.82295584716
816,2277,196830.41903666794
817,2278,144311.358625466
818,2279,133220.5536045467
819,2280,113235.88401940817
820,2281,182174.77438957125
821,2282,193619.215146153
822,2283,120060.95333020345
823,2284,141247.941989898
824,2285,136215.13978358157
825,2286,128812.20624172162
826,2287,375762.74553414516
827,2288,257154.33763179276
828,2289,397206.76979232946
829,2290,449403.42667085933
830,2291,344339.97383207094
831,2292,427205.84355300403
832,2293,489309.15391487366
833,2294,372106.9771546091
834,2295,479777.61288048374
835,2296,279252.24976278207
836,2297,374269.4070631279
837,2298,353713.1214987813
838,2299,409721.1680582627
839,2300,367692.2702016687
840,2301,320322.56989689835
841,2302,263927.8408395829
842,2303,237148.60220451112
843,2304,252641.46211732298
844,2305,198571.2794760525
845,2306,195231.1795041555
846,2307,195781.16062337722
847,2308,222430.03686323698
848,2309,276463.0094181272
849,2310,197787.8245079328
850,2311,212381.7827660111
851,2312,184092.7981003028
852,2313,183238.39512472402
853,2314,174215.46534321184
854,2315,187553.70450280423
855,2316,189478.74474332636
856,2317,192311.45774506617
857,2318,191345.78764474468
858,2319,191359.03051850226
859,2320,181680.7196344139
860,2321,257153.93425354868
861,2322,186154.79707259306
862,2323,200224.0672610725
863,2324,177834.97876605406
864,2325,206857.76435581295
865,2326,182210.6340536769
866,2327,204925.32483192647
867,2328,214645.232066054
868,2329,191077.28039199766
869,2330,188031.37674979246
870,2331,352766.48312463175
871,2332,381089.7740829372
872,2333,301848.2196862856
873,2334,251464.72542573555
874,2335,260782.5277722634
875,2336,319297.5772683973
876,2337,202893.36342300804
877,2338,300827.8014497342
878,2339,223995.41367167313
879,2340,404476.518974918
880,2341,241251.2726715597
881,2342,233424.87925103522
882,2343,245944.65356546137
883,2344,228222.59892137797
884,2345,242907.26564062326
885,2346,213436.3851859212
886,2347,206109.22919094784
887,2348,244563.62132705134
888,2349,201239.36027349794
889,2350,308759.81694834767
890,2351,267488.6144221863
891,2352,231690.63980397987
892,2353,267085.2311155827
893,2354,142956.179890684
894,2355,158104.2634917065
895,2356,174233.52729892245
896,2357,192305.51695828864
897,2358,196067.8225183961
898,2359,139229.02290105668
899,2360,130240.78667880777
900,2361,148678.96936600382
901,2362,262200.2160697353
902,2363,138220.40259566472
903,2364,161247.6294075869
904,2365,219162.73982092142
905,2366,191428.63433591524
906,2367,205965.77831546759
907,2368,238291.6574084783
908,2369,199573.33797848856
909,2370,151636.20562744956
910,2371,166254.2575425277
911,2372,186031.60718552623
912,2373,268948.86030499026
913,2374,291869.94879010075
914,2375,232318.66497004934
915,2376,261989.93454088597
916,2377,303687.6461207391
917,2378,146471.5308934893
918,2379,207953.27274806457
919,2380,145638.78468070328
920,2381,165818.1991380054
921,2382,181503.0396626249
922,2383,190235.6517477617
923,2384,233010.8505524032
924,2385,160418.84002732686
925,2386,137138.33277855703
926,2387,134044.88972864865
927,2388,114613.01214466852
928,2389,131230.69895240667
929,2390,152171.05162497167
930,2391,143575.04962137624
931,2392,114243.56034711114
932,2393,149312.91670636018
933,2394,140416.04417567383
934,2395,185740.563194066
935,2396,144539.5570265392
936,2397,197165.58161752197
937,2398,126572.99787119274
938,2399,70316.6502671921
939,2400,84786.6700752632
940,2401,114951.70429981391
941,2402,125332.31036771116
942,2403,143408.82788647854
943,2404,145645.16594048293
944,2405,159833.09580210564
945,2406,139619.50533298313
946,2407,119587.88705630669
947,2408,142220.95886931766
948,2409,125110.10141527382
949,2410,180494.792812119
950,2411,118124.07428968865
951,2412,147627.6152714321
952,2413,134288.65042614896
953,2414,136546.7358517395
954,2415,133446.94593419123
955,2416,121000.34396831022
956,2417,138911.66282763644
957,2418,134899.98390096863
958,2419,128045.80637146193
959,2420,134082.0544483215
960,2421,145759.6925351264
961,2422,105270.10870435726
962,2423,134693.41943581708
963,2424,155920.58227153678
964,2425,223914.00212791722
965,2426,118837.20110380878
966,2427,133955.138366204
967,2428,177561.19768770292
968,2429,114079.29602803281
969,2430,134061.00139146124
970,2431,124279.69599075663
971,2432,145589.79688741814
972,2433,140535.81340405825
973,2434,137106.16662576108
974,2435,159494.63655039144
975,2436,111564.82833427822
976,2437,112775.03667010019
977,2438,132907.75440421252
978,2439,114382.09342559535
979,2440,121882.65329702366
980,2441,98318.17106731959
981,2442,99996.467835462
982,2443,133835.04016894076
983,2444,135008.21406339502
984,2445,100796.44546600086
985,2446,146890.48984433713
986,2447,183492.79687028183
987,2448,136262.12528635352
988,2449,108447.81474789137
989,2450,152699.31140482702
990,2451,130263.36328055686
991,2452,161760.60764669243
992,2453,96378.9995947012
993,2454,128998.84628451565
994,2455,116447.57665633733
995,2456,123102.82461676512
996,2457,125231.39515703754
997,2458,134205.14501599074
998,2459,112748.44626708778
999,2460,134385.05811996933
1000,2461,123654.7767702063
1001,2462,125720.98318180355
1002,2463,116973.19312508476
1003,2464,163376.09427495397
1004,2465,139683.2862088282
1005,2466,131041.45518213596
1006,2467,150847.3120719815
1007,2468,113554.42044101741
1008,2469,94894.92042099184
1009,2470,184645.13014032427
1010,2471,180132.53505813255
1011,2472,156440.39570429045
1012,2473,95612.07927377977
1013,2474,79012.71908106534
1014,2475,196415.07372138207
1015,2476,115118.75953894012
1016,2477,116282.20440287564
1017,2478,145114.37380442664
1018,2479,116612.97911178668
1019,2480,148142.57673505615
1020,2481,123340.71654847784
1021,2482,131403.97931807494
1022,2483,129272.94676847513
1023,2484,129165.73234069823
1024,2485,130293.22709286373
1025,2486,155249.96995246247
1026,2487,197734.8583805818
1027,2488,156619.36652306476
1028,2489,154366.5496732095
1029,2490,142959.98199301763
1030,2491,100558.63559439346
1031,2492,170781.11960841462
1032,2493,146561.0955072529
1033,2494,135455.3866333084
1034,2495,84733.99278951646
1035,2496,223619.72993902158
1036,2497,138953.98573369673
1037,2498,117633.63110657163
1038,2499,108055.69760139492
1039,2500,136772.23231517198
1040,2501,137500.3986375636
1041,2502,139919.3778288812
1042,2503,90353.04090145469
1043,2504,214572.3805621862
1044,2505,210890.2669053259
1045,2506,250937.5760818263
1046,2507,272272.046596473
1047,2508,252771.32293350535
1048,2509,226855.2204188432
1049,2510,210697.40094684955
1050,2511,184526.47956725658
1051,2512,208857.39339244284
1052,2513,216751.964640399
1053,2514,242004.22718579732
1054,2515,155062.6284492251
1055,2516,179389.16438930368
1056,2517,143133.84659978002
1057,2518,149195.4817382106
1058,2519,224530.1470718214
1059,2520,206421.22948587075
1060,2521,195816.96355141271
1061,2522,224180.4311396547
1062,2523,121373.58950356946
1063,2524,146061.12757265088
1064,2525,138786.05707095945
1065,2526,128240.54787453906
1066,2527,123476.9721542088
1067,2528,128963.20976561883
1068,2529,154951.0318027287
1069,2530,128912.54070916967
1070,2531,245213.1856746667
1071,2532,220251.5345590304
1072,2533,196615.70468924387
1073,2534,230072.46780164426
1074,2535,288807.4642851073
1075,2536,250459.83744978457
1076,2537,236625.68561528635
1077,2538,191142.00307257206
1078,2539,180383.8778997847
1079,2540,180902.01036776407
1080,2541,191487.14785640553
1081,2542,178132.99346360154
1082,2543,123019.22048462839
1083,2544,124688.91353124738
1084,2545,131798.50651166274
1085,2546,131197.43338700334
1086,2547,145831.15710696625
1087,2548,160816.66901451958
1088,2549,160021.54431188514
1089,2550,339740.062343056
1090,2551,149126.9377994174
1091,2552,130409.34458765233
1092,2553,85128.06998830073
1093,2554,95630.12167820439
1094,2555,105873.17359188558
1095,2556,96479.05512986335
1096,2557,119546.09365952341
1097,2558,160084.6610652063
1098,2559,138488.83694462158
1099,2560,134689.01496593838
1100,2561,137227.10283331704
1101,2562,135049.74191618653
1102,2563,149423.35098368977
1103,2564,186861.10910114323
1104,2565,142423.89091521446
1105,2566,175154.44649885743
1106,2567,125967.47400417633
1107,2568,186948.42466290883
1108,2569,187061.67430397138
1109,2570,124924.86965646056
1110,2571,192107.09953110846
1111,2572,154802.6155242197
1112,2573,213533.1040548191
1113,2574,260426.0410555555
1114,2575,124853.6671911915
1115,2576,129534.03218579706
1116,2577,151378.50704301702
1117,2578,90332.21988851277
1118,2579,66887.81812909756
1119,2580,127674.80258068086
1120,2581,129548.33883609623
1121,2582,109058.24965623853
1122,2583,272354.1196452008
1123,2584,172465.5103574712
1124,2585,214309.74500039194
1125,2586,213185.01964698324
1126,2587,193150.89734015407
1127,2588,135416.8270072264
1128,2589,144348.24139502394
1129,2590,217400.84735847483
1130,2591,205111.1181651144
1131,2592,215599.02516540827
1132,2593,308216.2527986748
1133,2594,169288.0677706329
1134,2595,193635.77681932857
1135,2596,318602.09071130963
1136,2597,189026.78876970246
1137,2598,274829.01438178483
1138,2599,296804.14579760114
1139,2600,228575.33146815022
1140,2601,142139.4921223667
1141,2602,89177.90134045013
1142,2603,96361.51222028659
1143,2604,108009.94326825452
1144,2605,89280.54124652721
1145,2606,145420.15722250324
1146,2607,227886.86689869096
1147,2608,203639.98050126035
1148,2609,170892.70645081977
1149,2610,116984.4356809338
1150,2611,105134.66862440543
1151,2612,165744.93541118063
1152,2613,134384.26239331247
1153,2614,125555.69716521261
1154,2615,149907.52752198066
1155,2616,153731.88318108665
1156,2617,168262.4111820175
1157,2618,210002.64771228048
1158,2619,204829.87059689994
1159,2620,178163.97146125018
1160,2621,172783.44373827736
1161,2622,168138.45903077116
1162,2623,234289.4229112426
1163,2624,296126.65289228834
1164,2625,274703.34497976705
1165,2626,167954.95295728804
1166,2627,155555.33008806163
1167,2628,400069.93721230974
1168,2629,549257.5737835064
1169,2630,363769.28753668925
1170,2631,461550.09832734667
1171,2632,383800.23082075064
1172,2633,322951.66275251185
1173,2634,446345.1475876331
1174,2635,154395.3534611412
1175,2636,174821.57757625173
1176,2637,167739.44408566813
1177,2638,273577.6721147514
1178,2639,177071.46278319633
1179,2640,150613.775303689
1180,2641,126967.52613781737
1181,2642,191384.61337591766
1182,2643,110981.77413012997
1183,2644,138465.14531441705
1184,2645,124670.90584434276
1185,2646,98210.01267020703
1186,2647,115270.86525565115
1187,2648,152834.58153040014
1188,2649,146589.7987336219
1189,2650,131480.42893495667
1190,2651,150083.7946893083
1191,2652,389570.23863286315
1192,2653,254074.02806727542
1193,2654,245601.9981953799
1194,2655,420502.005991781
1195,2656,349898.34379632014
1196,2657,380541.84778658464
1197,2658,282458.12443058647
1198,2659,300507.963265216
1199,2660,379290.5416230227
1200,2661,355553.8646871291
1201,2662,363292.8232716168
1202,2663,298283.95233690337
1203,2664,275454.38968617003
1204,2665,358004.8391228825
1205,2666,282840.1479793188
1206,2667,183427.90194547034
1207,2668,189465.764826503
1208,2669,178256.22449744603
1209,2670,267074.69285489235
1210,2671,190822.13358770026
1211,2672,197763.0242158456
1212,2673,195577.47545303463
1213,2674,192452.8379061865
1214,2675,182297.2114257511
1215,2676,189351.84179102606
1216,2677,189863.88903434126
1217,2678,247051.3664256504
1218,2679,285919.72625741
1219,2680,277297.90234484687
1220,2681,382554.2515767883
1221,2682,282682.9077105707
1222,2683,440950.2123215184
1223,2684,338991.11463878455
1224,2685,290931.3472352672
1225,2686,251151.56104068318
1226,2687,326530.34407715616
1227,2688,229018.1840289621
1228,2689,199633.37318555015
1229,2690,451810.9519944853
1230,2691,203615.12443704848
1231,2692,145305.7101621476
1232,2693,197066.40664884847
1233,2694,140621.03843055957
1234,2695,197816.22773580113
1235,2696,190384.91096917118
1236,2697,188940.2168824961
1237,2698,192073.4059579307
1238,2699,170330.2906806707
1239,2700,157000.3298402099
1240,2701,161247.06524715366
1241,2702,122657.19213714618
1242,2703,140809.87776646082
1243,2704,144842.08371851358
1244,2705,116396.1072186994
1245,2706,139588.55976658035
1246,2707,128274.93422531299
1247,2708,133868.14514570378
1248,2709,118199.13397332908
1249,2710,133170.88612783636
1250,2711,328405.2568368252
1251,2712,354697.66167339985
1252,2713,186886.97623245956
1253,2714,156404.35463275123
1254,2715,175477.1340026358
1255,2716,159962.2243765426
1256,2717,199871.44093509126
1257,2718,217799.3835170263
1258,2719,155021.52027643676
1259,2720,163301.67211316063
1260,2721,144001.54775733143
1261,2722,153297.89495023878
1262,2723,162314.7936039024
1263,2724,131381.16095067575
1264,2725,132459.72762766443
1265,2726,136073.7836535735
1266,2727,177162.29415147548
1267,2728,171071.95861519873
1268,2729,161230.41366312586
1269,2730,137587.4957474042
1270,2731,117185.625968777
1271,2732,122595.25312079476
1272,2733,159909.22201294222
1273,2734,144737.83597925474
1274,2735,137282.17206649008
1275,2736,152716.94730165787
1276,2737,113101.18738277003
1277,2738,133865.19417700524
1278,2739,169582.80931783785
1279,2740,136304.99389491774
1280,2741,139327.9535235387
1281,2742,155523.6705941416
1282,2743,148339.802353828
1283,2744,144056.7563980265
1284,2745,128988.82800092164
1285,2746,132806.63289491436
1286,2747,137656.315946036
1287,2748,125550.81078628647
1288,2749,131965.25046952767
1289,2750,137746.46217623175
1290,2751,134539.54023178353
1291,2752,215045.80677598043
1292,2753,153924.7636351134
1293,2754,242536.94311763247
1294,2755,131988.8604200759
1295,2756,95532.09016859467
1296,2757,74878.14494219853
1297,2758,91622.02644305427
1298,2759,154629.33211240076
1299,2760,127154.83738922341
1300,2761,142681.80195510868
1301,2762,153296.7288535302
1302,2763,185602.61537707146
1303,2764,139756.36112321584
1304,2765,241544.82915465944
1305,2766,129649.05171582899
1306,2767,87137.85470406235
1307,2768,133389.43130077096
1308,2769,141523.85780860024
1309,2770,130641.25544904816
1310,2771,108482.58171155948
1311,2772,107214.10257495019
1312,2773,166261.33217731325
1313,2774,131419.35545474236
1314,2775,95233.92956039244
1315,2776,141102.40471200016
1316,2777,152128.96311774375
1317,2778,113275.12580081813
1318,2779,116879.82563042869
1319,2780,94959.68568025569
1320,2781,100208.87225391534
1321,2782,103020.70810529828
1322,2783,115185.10425331898
1323,2784,109922.17656022382
1324,2785,150291.52731554242
1325,2786,93859.1260158025
1326,2787,106231.26692433911
1327,2788,76940.29644582343
1328,2789,175668.24180392595
1329,2790,115825.07119821235
1330,2791,129184.78802903231
1331,2792,70519.65896643455
1332,2793,152612.01531671212
1333,2794,67680.02561192669
1334,2795,116664.24416363571
1335,2796,95911.82415306148
1336,2797,188117.0237474519
1337,2798,80338.68526621973
1338,2799,106918.05992330516
1339,2800,84070.61859974079
1340,2801,107523.05608595049
1341,2802,130391.77849445582
1342,2803,194394.49925652216
1343,2804,155864.44820838614
1344,2805,110421.28859042468
1345,2806,95797.50167682057
1346,2807,163699.378302661
1347,2808,150906.73198029082
1348,2809,121341.77516281593
1349,2810,132512.20512931392
1350,2811,162170.15430501057
1351,2812,160009.45047042533
1352,2813,171748.16122889478
1353,2814,163813.57175038542
1354,2815,73074.66037182951
1355,2816,209096.10239762353
1356,2817,162230.91554269558
1357,2818,129296.04250455687
1358,2819,174101.5805148337
1359,2820,138647.68402633644
1360,2821,112521.0754307128
1361,2822,202194.88867715318
1362,2823,288797.35380580474
1363,2824,180080.48860246074
1364,2825,155324.98136331898
1365,2826,136340.25742107278
1366,2827,147511.62674073412
1367,2828,261122.35479008296
1368,2829,209504.77871284203
1369,2830,234199.2003284469
1370,2831,181291.66921238662
1371,2832,247239.81188076583
1372,2833,335245.88365389686
1373,2834,216877.27114126005
1374,2835,214279.74803109822
1375,2836,209607.72215579028
1376,2837,160349.92550106108
1377,2838,149652.03912169606
1378,2839,182244.7554752625
1379,2840,202379.7552120438
1380,2841,194267.89598488598
1381,2842,244746.4689411941
1382,2843,145658.37612243416
1383,2844,155572.4907338691
1384,2845,113883.14877691223
1385,2846,204029.34554766738
1386,2847,190420.38059831815
1387,2848,224823.85830561657
1388,2849,196995.44701441555
1389,2850,268988.13124100934
1390,2851,203945.62752324005
1391,2852,230246.16222226556
1392,2853,234597.31562429352
1393,2854,143807.05041888476
1394,2855,198327.58687504326
1395,2856,210959.36060192328
1396,2857,190889.12828454154
1397,2858,198180.39007639705
1398,2859,138028.63209211876
1399,2860,151634.92861019124
1400,2861,130910.88883420186
1401,2862,202966.66728479846
1402,2863,143589.22773450622
1403,2864,260804.2186425182
1404,2865,160740.40002437241
1405,2866,138398.6298846627
1406,2867,88279.42843945995
1407,2868,93362.92104539963
1408,2869,114210.64782152191
1409,2870,143835.49015037584
1410,2871,97131.7004694
1411,2872,70778.02680115531
1412,2873,117612.64965354334
1413,2874,101213.94945400297
1414,2875,95009.26679952767
1415,2876,149703.20929762334
1416,2877,131520.25341797032
1417,2878,156684.62688197644
1418,2879,135305.77301193652
1419,2880,98392.56096830864
1420,2881,143331.74735377493
1421,2882,151791.83143482968
1422,2883,194025.61680682885
1423,2884,212776.45391058113
1424,2885,183965.07205314733
1425,2886,204524.78635636138
1426,2887,101319.47008345228
1427,2888,136617.5448606342
1428,2889,65969.59443271387
1429,2890,86724.11510342354
1430,2891,143421.68961805786
1431,2892,63572.527172782415
1432,2893,94021.14920785405
1433,2894,97199.50134886384
1434,2895,320207.9218055059
1435,2896,292070.535929175
1436,2897,212731.99674684534
1437,2898,159032.92283903982
1438,2899,211726.81827305854
1439,2900,157974.46923357106
1440,2901,218424.7217417496
1441,2902,202407.07117577962
1442,2903,350141.69204397756
1443,2904,383572.0354714051
1444,2905,82550.39767197588
1445,2906,194020.74030430213
1446,2907,125265.063606406
1447,2908,129754.21418610285
1448,2909,145207.40562203733
1449,2910,74096.17425543004
1450,2911,95326.17045070938
1451,2912,143102.7307668327
1452,2913,97307.18621492804
1453,2914,88745.21565457032
1454,2915,97677.35655234517
1455,2916,93424.2662930017
1456,2917,162680.98134086185
1457,2918,124793.28737648699
1458,2919,223544.8529041777
